<metadata><idinfo><citation><citeinfo><origin>Texas Legislative Council</origin><pubdate>November 21, 2008</pubdate><pubtime>Unknown</pubtime><title>Voting Precincts, 2008 General Election</title><geoform Sync="TRUE">vector digital data</geoform><onlink Sync="TRUE">Service=sde:sqlserver:cp2k3prdsqlv3; Database=GISS; User=GIS; Version=sde.DEFAULT</onlink><ftname Sync="TRUE">GISS.GIS.st_prec08g</ftname></citeinfo></citation><descript><abstract>Texas voting precincts as they existed at the time of the 2008 General Election.</abstract><purpose>cartography; spatial analysis</purpose><langdata Sync="TRUE">en</langdata></descript><timeperd><timeinfo><rngdates><begdate>November 1, 2008</begdate><begtime>unknown</begtime><enddate>November 1, 2009</enddate><endtime>unknown</endtime></rngdates></timeinfo><current>publication date</current></timeperd><status><progress>Complete</progress><update>As needed</update></status><spdom><bounding><westbc Sync="TRUE">-106.976390</westbc><eastbc Sync="TRUE">-93.122204</eastbc><northbc Sync="TRUE">36.534200</northbc><southbc Sync="TRUE">25.705942</southbc></bounding><lboundng><leftbc Sync="TRUE">372991.589865</leftbc><rightbc Sync="TRUE">1618124.170548</rightbc><bottombc Sync="TRUE">412858.896719</bottombc><topbc Sync="TRUE">1594965.523905</topbc></lboundng></spdom><keywords><theme><themekt>none</themekt><themekey>General Election</themekey></theme><temporal><tempkey>2008</tempkey></temporal></keywords><accconst>BDS</accconst><ptcontac><cntinfo><cntperp><cntper>Randall Bush</cntper><cntorg>Texas Legislative Council, Mapping and Redistricting Support, Research Division</cntorg></cntperp><cntpos>GIS Associate</cntpos><cntaddr><addrtype>mailing address</addrtype><address>P. O. Box 12128</address><city>Austin</city><state>Texas</state><postal>78711-2128</postal><country>U.S.A.</country></cntaddr><cntvoice>512-463-1143</cntvoice><cntfax>512-936-1020</cntfax><cntemail>randall.bush@tlc.state.tx.us</cntemail><hours>8:00am-5:00pm  M-F</hours></cntinfo></ptcontac><datacred>Randall Bush, et al, Texas Legislative Council</datacred><secinfo><secsys>none</secsys><secclass>Unclassified</secclass></secinfo><native Sync="TRUE">Microsoft Windows XP Version 5.1 (Build 2600) Service Pack 3; ESRI ArcCatalog 9.3.1.3000</native><crossref><citeinfo><origin>GIS Staff, Research Division, Texas Legislative Council</origin><pubdate>November 21, 2008</pubdate><pubtime>Unknown</pubtime><title>2008G Statewide Texas Precincts for the 2008 General Election</title><edition>2008 General</edition></citeinfo></crossref><natvform Sync="TRUE">SDE Feature Class</natvform></idinfo><dataqual><lineage><procstep><procdesc>Metadata imported.</procdesc><srcused>C:\DOCUME~1\o0600n9\LOCALS~1\Temp\xml6F.tmp</srcused></procstep><procstep><procdesc>Metadata imported.</procdesc><srcused>N:\research\Metadata_cov_bck\Prec06p_metadata.xml</srcused></procstep><procstep><procdesc>Metadata imported.</procdesc><srcused>C:\DOCUME~1\o0600n9\LOCALS~1\Temp\xml4F.tmp</srcused></procstep><procstep><procdesc>Metadata imported.</procdesc><srcused>N:\research\Metadata_cov_bck\Prec07C_metadata.xml</srcused></procstep><procstep><procdesc>Metadata imported.</procdesc><srcused>C:\DOCUME~1\o0600s1\LOCALS~1\Temp\xml60.tmp</srcused></procstep><procstep><procdesc>Dataset copied.</procdesc><srcused>Server=cp2kisgis01; Service=esri_sde; User=test; Version=SDE.DEFAULT</srcused></procstep><procstep><procdesc>Dataset copied.</procdesc><srcused>Server=cp2kisgis01; Service=esri_sde; User=stwdp; Version=SDE.DEFAULT</srcused></procstep><procstep><procdesc Sync="TRUE">Metadata imported.</procdesc><srcused Sync="TRUE">D:\My_BDS\Metadata\Precincts.xml</srcused><date Sync="TRUE">20080610</date><time Sync="TRUE">11393200</time></procstep><procstep><procdesc Sync="TRUE">Dataset copied.</procdesc><srcused Sync="TRUE">Server=cp2kisgis01; Service=esri_sde; User=stwdw; Version=SDE.DEFAULT</srcused><date Sync="TRUE">20080611</date><time Sync="TRUE">11053400</time></procstep><procstep><procdesc Sync="TRUE">Dataset copied.</procdesc><srcused Sync="TRUE">Server=cp2kisgis01; Service=esri_sde; User=sde; Version=SDE.DEFAULT</srcused><procdate Sync="TRUE">20081121</procdate><proctime Sync="TRUE">16364700</proctime></procstep><procstep><procdesc Sync="TRUE">Dataset copied.</procdesc><srcused Sync="TRUE">Service=sde:sqlserver:cp2k3tstsqlv1; Database=gissde; User=gis; Version=sde.DEFAULT</srcused><procdate Sync="TRUE">20081121</procdate><proctime Sync="TRUE">16521900</proctime></procstep><procstep><procdesc Sync="TRUE">Dataset copied.</procdesc><srcused Sync="TRUE">Server=cp2kisgis01; Service=esri_sde; User=stwds; Version=SDE.DEFAULT</srcused><procdate Sync="TRUE">20081121</procdate><proctime Sync="TRUE">16563000</proctime></procstep><procstep><procdesc Sync="TRUE">Dataset copied.</procdesc><srcused Sync="TRUE">Service=sde:sqlserver:cp2k3devsqlv1; Database=gissde; User=sde; Version=sde.DEFAULT</srcused><procdate Sync="TRUE">20090116</procdate><proctime Sync="TRUE">17545800</proctime></procstep></lineage></dataqual><spdoinfo><direct Sync="TRUE">Vector</direct><ptvctinf><esriterm Name="2008G"><efeatyp Sync="TRUE">Simple</efeatyp><efeageom code="4" Sync="TRUE"></efeageom><esritopo Sync="TRUE">FALSE</esritopo><efeacnt Sync="TRUE">0</efeacnt><spindex Sync="TRUE">FALSE</spindex><linrefer Sync="TRUE">FALSE</linrefer></esriterm></ptvctinf></spdoinfo><spref><horizsys><planar><planci><plance Sync="TRUE">coordinate pair</plance><coordrep><absres Sync="TRUE">0.000181</absres><ordres Sync="TRUE">0.000181</ordres></coordrep><plandu Sync="TRUE">meters</plandu></planci></planar><geodetic><horizdn Sync="TRUE">North American Datum of 1983</horizdn><ellips Sync="TRUE">Geodetic Reference System 80</ellips><semiaxis Sync="TRUE">6378137.000000</semiaxis><denflat Sync="TRUE">298.257222</denflat></geodetic><cordsysn><geogcsn Sync="TRUE">GCS_North_American_1983</geogcsn><projcsn Sync="TRUE">NAD_1983_Lambert_Conformal_Conic</projcsn></cordsysn></horizsys><vertdef><altsys><altres Sync="TRUE">1.000000</altres><altenc Sync="TRUE">Explicit elevation coordinate included with horizontal coordinates</altenc></altsys></vertdef></spref><eainfo><detailed Name="2008G"><enttyp><enttypl Sync="TRUE">2008G</enttypl><enttypt Sync="TRUE">Feature Class</enttypt><enttypc Sync="TRUE">0</enttypc></enttyp><attr><attrlabl Sync="TRUE">FID</attrlabl><attalias Sync="TRUE">FID</attalias><attrtype Sync="TRUE">OID</attrtype><attwidth Sync="TRUE">4</attwidth><atprecis Sync="TRUE">0</atprecis><attscale Sync="TRUE">0</attscale><attrdef Sync="TRUE">Internal feature number.</attrdef><attrdefs Sync="TRUE">Esri</attrdefs><attrdomv><udom Sync="TRUE">Sequential unique whole numbers that are automatically generated.</udom></attrdomv></attr><attr><attrlabl>SHAPE</attrlabl><attrdef>Feature geometry.</attrdef><attrdefs>ESRI</attrdefs><attrdomv><udom>Coordinates defining the features.</udom></attrdomv><attalias Sync="TRUE">Shape</attalias><attrtype Sync="TRUE">Geometry</attrtype><attwidth Sync="TRUE">0</attwidth><atprecis Sync="TRUE">0</atprecis><attscale Sync="TRUE">0</attscale></attr><attr><attrlabl>PREC</attrlabl><attalias Sync="TRUE">PREC</attalias><attrtype Sync="TRUE">String</attrtype><attwidth Sync="TRUE">5</attwidth><atprecis Sync="TRUE">0</atprecis><attscale Sync="TRUE">0</attscale></attr><attr><attrlabl>COLOR</attrlabl><attalias Sync="TRUE">COLOR</attalias><attrtype Sync="TRUE">Integer</attrtype><attwidth Sync="TRUE">5</attwidth><atprecis Sync="TRUE">5</atprecis><attscale Sync="TRUE">0</attscale></attr><attr><attrlabl>CNTY</attrlabl><attalias Sync="TRUE">CNTY</attalias><attrtype Sync="TRUE">Integer</attrtype><attwidth Sync="TRUE">5</attwidth><atprecis Sync="TRUE">5</atprecis><attscale Sync="TRUE">0</attscale></attr><attr><attrlabl Sync="TRUE">SHAPE_area</attrlabl><attalias Sync="TRUE">SHAPE_area</attalias><attrtype Sync="TRUE">Double</attrtype><attwidth Sync="TRUE">19</attwidth><atprecis Sync="TRUE">0</atprecis><attscale Sync="TRUE">0</attscale><attrdef Sync="TRUE">Area of feature in internal units squared.</attrdef><attrdefs Sync="TRUE">Esri</attrdefs><attrdomv><udom Sync="TRUE">Positive real numbers that are automatically generated.</udom></attrdomv></attr><attr><attrlabl Sync="TRUE">SHAPE_len</attrlabl><attalias Sync="TRUE">SHAPE_len</attalias><attrtype Sync="TRUE">Double</attrtype><attwidth Sync="TRUE">19</attwidth><atprecis Sync="TRUE">0</atprecis><attscale Sync="TRUE">0</attscale></attr></detailed></eainfo><distinfo><resdesc>Downloadable Data</resdesc></distinfo><metainfo><metd Sync="TRUE">20100506</metd><metc><cntinfo><cntperp><cntper>Randall K. Bush</cntper><cntorg>Texas Legislative Council, Mapping and Redistricting Support, Research Division</cntorg></cntperp><cntpos>GIS Associate</cntpos><cntaddr><addrtype>mailing address</addrtype><address>P.O. Box 12128</address><city>Austin</city><state>Texas</state><postal>78711-2128</postal><country>USA</country></cntaddr><cntvoice>512-463-1143</cntvoice><cntfax>512-936-1020</cntfax><cntemail>randall.bush@tlc.state.tx.us</cntemail><hours>M-F; 8:00AM - 5:00PM</hours></cntinfo></metc><metstdn Sync="TRUE">FGDC Content Standards for Digital Geospatial Metadata</metstdn><metstdv Sync="TRUE">FGDC-STD-001-1998</metstdv><mettc Sync="TRUE">local time</mettc><metextns><onlink>http://www.esri.com/metadata/esriprof80.html</onlink><metprof>ESRI Metadata Profile</metprof></metextns><metextns><onlink>http://www.esri.com/metadata/esriprof80.html</onlink><metprof>ESRI Metadata Profile</metprof></metextns><metextns><onlink>http://www.esri.com/metadata/esriprof80.html</onlink><metprof>ESRI Metadata Profile</metprof></metextns><langmeta Sync="TRUE">en</langmeta></metainfo><Esri><CreaDate>20090116</CreaDate><CreaTime>17545800</CreaTime><SyncOnce>FALSE</SyncOnce><SyncDate>20130611</SyncDate><SyncTime>16021000</SyncTime><ModDate>20130611</ModDate><ModTime>16021000</ModTime><DataProperties><lineage><Process ToolSource="C:\Program Files\ArcGIS\ArcToolbox\Toolboxes\Conversion Tools.tbx\FeatureClassToFeatureClass" Date="20081121" Time="155237">FeatureClassToFeatureClass "Database Connections\stwdw.sde\STWDW.BDS_Precincts\STWDW.BDS_Precincts" "Database Connections\stwds.sde" st_prec08g # "STWDP_PREC_AREA 'AREA' true true true 8 Double 8 38 ,First,#,Database Connections\stwdw.sde\STWDW.BDS_Precincts\STWDW.BDS_Precincts,STWDP_PREC_AREA,-1,-1;PERIMETER 'PERIMETER' true true true 8 Double 8 38 ,First,#,Database Connections\stwdw.sde\STWDW.BDS_Precincts\STWDW.BDS_Precincts,PERIMETER,-1,-1;PREC06G 'PREC08P' true true false 5 Text 0 0 ,First,#,Database Connections\stwdw.sde\STWDW.BDS_Precincts\STWDW.BDS_Precincts,PREC06G,-1,-1;CNTY 'CNTY' true true false 2 Short 0 3 ,First,#,Database Connections\stwdw.sde\STWDW.BDS_Precincts\STWDW.BDS_Precincts,CNTY,-1,-1;COLOR 'COLOR' true true false 2 Short 0 4 ,First,#,Database Connections\stwdw.sde\STWDW.BDS_Precincts\STWDW.BDS_Precincts,COLOR,-1,-1;PEN 'PEN' true true false 2 Short 0 4 ,First,#,Database Connections\stwdw.sde\STWDW.BDS_Precincts\STWDW.BDS_Precincts,PEN,-1,-1;PREC 'PREC' true true false 5 Text 0 0 ,First,#,Database Connections\stwdw.sde\STWDW.BDS_Precincts\STWDW.BDS_Precincts,PREC,-1,-1;AREA 'AREA' true true true 8 Double 8 38 ,First,#,Database Connections\stwdw.sde\STWDW.BDS_Precincts\STWDW.BDS_Precincts,STWDW.BDS_Precincts.AREA,-1,-1;LEN 'LEN' true true true 8 Double 8 38 ,First,#,Database Connections\stwdw.sde\STWDW.BDS_Precincts\STWDW.BDS_Precincts,STWDW.BDS_Precincts.LEN,-1,-1" # "Database Connections\stwds.sde\RSTWDS.st_prec08g"</Process><Process ToolSource="C:\Program Files\ArcGIS\ArcToolbox\Toolboxes\Data Management Tools.tbx\DeleteField" Date="20081121" Time="164251">DeleteField "Database Connections\captstsql GIS directconnect.sde\gissde.GIS.stwds\gissde.GIS.st_prec08g" PREC06G;PEN "Database Connections\captstsql GIS directconnect.sde\gissde.GIS.stwds\gissde.GIS.st_prec08g"</Process><Process ToolSource="C:\Program Files\ArcGIS\ArcToolbox\Toolboxes\Data Management Tools.tbx\DeleteField" Date="20081121" Time="164421">DeleteField "Database Connections\captstsql GIS directconnect.sde\gissde.GIS.stwds\gissde.GIS.st_prec08g" gissde.GIS.st_prec08g.AREA;gissde.GIS.st_prec08g.LEN "Database Connections\captstsql GIS directconnect.sde\gissde.GIS.stwds\gissde.GIS.st_prec08g"</Process><Process ToolSource="C:\Program Files\ArcGIS\ArcToolbox\Toolboxes\Data Management Tools.tbx\DeleteField" Date="20081121" Time="165102">DeleteField "Database Connections\captstsql GIS directconnect.sde\gissde.GIS.stwds\gissde.GIS.st_prec08g" STWDP_PREC_AREA;PERIMETER "Database Connections\captstsql GIS directconnect.sde\gissde.GIS.stwds\gissde.GIS.st_prec08g"</Process><Process ToolSource="C:\Program Files\ArcGIS\Desktop10.0\ArcToolbox\Toolboxes\Data Management Tools.tbx\CopyFeatures" Date="20101208" Time="101406">CopyFeatures "Database Connections\GISS gis prod.sde\GISS.GIS.st_prec08g" "Database Connections\GISS00 gis prod.sde\GISS00.GIS.st_prec08g" # 0 0 0</Process><Process ToolSource="c:\program files (x86)\arcgis\desktop10.1\ArcToolbox\Toolboxes\Conversion Tools.tbx\FeatureClassToFeatureClass" Date="20130611" Time="160215">FeatureClassToFeatureClass "N:\research\Connections\storage\GISS00 prod.sde\GISS00.GIS.st_prec08g" C:\Users\o0600f0\Desktop\2008G 2008G.shp # "CNTY "CNTY" true true false 2 Short 0 5 ,First,#,N:\research\Connections\storage\GISS00 prod.sde\GISS00.GIS.st_prec08g,CNTY,-1,-1;COLOR "COLOR" true true false 2 Short 0 5 ,First,#,N:\research\Connections\storage\GISS00 prod.sde\GISS00.GIS.st_prec08g,COLOR,-1,-1;PREC "PREC" true true false 5 Text 0 0 ,First,#,N:\research\Connections\storage\GISS00 prod.sde\GISS00.GIS.st_prec08g,PREC,-1,-1;SHAPE_area "SHAPE.area" false false true 0 Double 0 0 ,First,#,N:\research\Connections\storage\GISS00 prod.sde\GISS00.GIS.st_prec08g,SHAPE.area,-1,-1;SHAPE_len "SHAPE.len" false false true 0 Double 0 0 ,First,#,N:\research\Connections\storage\GISS00 prod.sde\GISS00.GIS.st_prec08g,SHAPE.len,-1,-1" #</Process></lineage><itemProps><itemName Sync="TRUE">2008G</itemName><imsContentType Sync="TRUE">002</imsContentType><itemLocation><linkage Sync="TRUE">file://\\C0054237\C$\Users\o0600f0\Desktop\2008G\2008G.shp</linkage><protocol Sync="TRUE">Local Area Network</protocol></itemLocation><itemSize Sync="TRUE">0.000</itemSize></itemProps><coordRef><type Sync="TRUE">Projected</type><geogcsn Sync="TRUE">GCS_North_American_1983</geogcsn><projcsn Sync="TRUE">NAD_1983_Lambert_Conformal_Conic</projcsn><peXml Sync="TRUE">&lt;ProjectedCoordinateSystem xsi:type='typens:ProjectedCoordinateSystem' xmlns:xsi='http://www.w3.org/2001/XMLSchema-instance' xmlns:xs='http://www.w3.org/2001/XMLSchema' xmlns:typens='http://www.esri.com/schemas/ArcGIS/10.1'&gt;&lt;WKT&gt;PROJCS[&amp;quot;NAD_1983_Lambert_Conformal_Conic&amp;quot;,GEOGCS[&amp;quot;GCS_North_American_1983&amp;quot;,DATUM[&amp;quot;D_North_American_1983&amp;quot;,SPHEROID[&amp;quot;GRS_1980&amp;quot;,6378137.0,298.257222101]],PRIMEM[&amp;quot;Greenwich&amp;quot;,0.0],UNIT[&amp;quot;Degree&amp;quot;,0.0174532925199433]],PROJECTION[&amp;quot;Lambert_Conformal_Conic&amp;quot;],PARAMETER[&amp;quot;False_Easting&amp;quot;,1000000.0],PARAMETER[&amp;quot;False_Northing&amp;quot;,1000000.0],PARAMETER[&amp;quot;Central_Meridian&amp;quot;,-100.0],PARAMETER[&amp;quot;Standard_Parallel_1&amp;quot;,34.91666666666666],PARAMETER[&amp;quot;Standard_Parallel_2&amp;quot;,27.41666666666667],PARAMETER[&amp;quot;Latitude_Of_Origin&amp;quot;,31.16666666666667],UNIT[&amp;quot;Meter&amp;quot;,1.0]]&lt;/WKT&gt;&lt;XOrigin&gt;-37624400&lt;/XOrigin&gt;&lt;YOrigin&gt;-27099700&lt;/YOrigin&gt;&lt;XYScale&gt;116599859.86502042&lt;/XYScale&gt;&lt;ZOrigin&gt;-100000&lt;/ZOrigin&gt;&lt;ZScale&gt;10000&lt;/ZScale&gt;&lt;MOrigin&gt;-100000&lt;/MOrigin&gt;&lt;MScale&gt;10000&lt;/MScale&gt;&lt;XYTolerance&gt;0.001&lt;/XYTolerance&gt;&lt;ZTolerance&gt;0.001&lt;/ZTolerance&gt;&lt;MTolerance&gt;0.001&lt;/MTolerance&gt;&lt;HighPrecision&gt;true&lt;/HighPrecision&gt;&lt;/ProjectedCoordinateSystem&gt;</peXml><csUnits Sync="TRUE">Linear Unit: Meter (1.000000)</csUnits></coordRef></DataProperties><MetaID>{33070702-195A-4692-B994-8CDD1D1A7B68}</MetaID></Esri><dataIdInfo><envirDesc Sync="TRUE">Microsoft Windows 7 Version 6.1 (Build 7601) Service Pack 1; Esri ArcGIS 10.1.0.3035</envirDesc><dataLang><languageCode Sync="TRUE" value="eng" country="US"/><countryCode value="USA" Sync="TRUE"></countryCode></dataLang><idCitation><resTitle Sync="TRUE">2008G</resTitle><presForm><PresFormCd Sync="TRUE" value="005"/></presForm></idCitation><spatRpType><SpatRepTypCd Sync="TRUE" value="001"/></spatRpType><dataExt><geoEle><GeoBndBox esriExtentType="native"><westBL Sync="TRUE">372991.589865</westBL><eastBL Sync="TRUE">1618124.170548</eastBL><northBL Sync="TRUE">1594965.523905</northBL><southBL Sync="TRUE">412858.896719</southBL><exTypeCode Sync="TRUE">1</exTypeCode></GeoBndBox></geoEle></dataExt><geoBox esriExtentType="decdegrees"><westBL Sync="TRUE">-106.97639</westBL><eastBL Sync="TRUE">-93.122204</eastBL><northBL Sync="TRUE">36.5342</northBL><southBL Sync="TRUE">25.705942</southBL><exTypeCode Sync="TRUE">1</exTypeCode></geoBox><descKeys><thesaName uuidref="723f6998-058e-11dc-8314-0800200c9a66"/><keyword Sync="TRUE">002</keyword></descKeys></dataIdInfo><mdLang><languageCode Sync="TRUE" value="eng"/><countryCode value="USA" Sync="TRUE"></countryCode></mdLang><mdStanName Sync="TRUE">ISO 19115 Geographic Information - Metadata</mdStanName><mdStanVer Sync="TRUE">DIS_ESRI1.0</mdStanVer><mdChar><CharSetCd Sync="TRUE" value="004"/></mdChar><mdHrLv><ScopeCd Sync="TRUE" value="005"/></mdHrLv><mdHrLvName Sync="TRUE">dataset</mdHrLvName><distInfo><distributor><distorTran><onLineSrc><orDesc Sync="TRUE">002</orDesc><linkage Sync="TRUE">file://Service=sde:sqlserver:cp2k3prdsqlv3; Database=GISS; User=GIS; Version=sde.DEFAULT</linkage><protocol Sync="TRUE">Local Area Network</protocol></onLineSrc></distorTran><distorFormat><formatName Sync="TRUE">SDE Feature Class</formatName></distorFormat></distributor><distFormat><formatName Sync="TRUE">Shapefile</formatName></distFormat><distTranOps><transSize Sync="TRUE">0.000</transSize></distTranOps></distInfo><refSysInfo><RefSystem><refSysID><identCode Sync="TRUE" code="0" value="0">NAD_1983_Lambert_Conformal_Conic</identCode></refSysID></RefSystem></refSysInfo><spatRepInfo><VectSpatRep><geometObjs Name="2008G"><geoObjTyp><GeoObjTypCd value="002" Sync="TRUE"></GeoObjTypCd></geoObjTyp><geoObjCnt Sync="TRUE">0</geoObjCnt></geometObjs><topLvl><TopoLevCd value="001" Sync="TRUE"></TopoLevCd></topLvl></VectSpatRep></spatRepInfo><mdDateSt Sync="TRUE">20130611</mdDateSt></metadata>
